{
    "Dataset": "Reading",
    "Analysis": "NCC",
    "Scores": {
        "S_1009_S1_TEX.csv": 0.9730629434037761,
        "S_1010_S1_TEX.csv": 0.9724821563653963,
        "S_1009_S2_TEX.csv": 0.9713761499234053,
        "S_1004_S2_TEX.csv": 0.975735158162789,
        "S_1010_S2_TEX.csv": 0.9733352209436567,
        "S_1011_S1_TEX.csv": 0.9711844311726318,
        "S_1005_S1_TEX.csv": 0.972427585359941,
        "S_1007_S2_TEX.csv": 0.9711458903910061,
        "S_1008_S1_TEX.csv": 0.9852681403316635,
        "S_1011_S2_TEX.csv": 0.9714275847336808,
        "S_1007_S1_TEX.csv": 0.9707834988127546,
        "S_1008_S2_TEX.csv": 0.9834275846985321,
        "S_1005_S2_TEX.csv": 0.9723977228805106
    },
    "Mean_score": 0.9741580051676725,
    "Attack_type": "GWN",
    "Attack_strength": 0.001,
    "WM_strength": 1.0
}