{
    "Dataset": "RandomSaccades",
    "Analysis": "NCC",
    "Scores": {
        "S_1007_S2_RAN.csv": 0.9233894936053124,
        "S_1008_S1_RAN.csv": 0.9363766761147326,
        "S_1005_S1_RAN.csv": 0.9248018596874474,
        "S_1011_S1_RAN.csv": 0.9234411562340632,
        "S_1005_S2_RAN.csv": 0.9246512351365708,
        "S_1007_S1_RAN.csv": 0.9249923397615584,
        "S_1008_S2_RAN.csv": 0.9354661965382772,
        "S_1002_S1_RAN.csv": 0.9235108118161326,
        "S_1011_S2_RAN.csv": 0.9227616835749304,
        "S_1010_S1_RAN.csv": 0.9228528362852808,
        "S_1003_S2_RAN.csv": 0.9238419765748063,
        "S_1009_S1_RAN.csv": 0.9284012277092699,
        "S_1004_S1_RAN.csv": 0.9260879272189159,
        "S_1010_S2_RAN.csv": 0.9227854823399188,
        "S_1003_S1_RAN.csv": 0.9231444608066092,
        "S_1004_S2_RAN.csv": 0.9272663831272722,
        "S_9016_S1_RAN.csv": 0.9261007621235215,
        "S_1009_S2_RAN.csv": 0.9278809299093047
    },
    "Mean_score": 0.9259863021424403,
    "Attack_type": "GWN",
    "Attack_strength": 0.001,
    "WM_strength": 1.0
}