{
    "Dataset": "RandomSaccades",
    "Analysis": "NCC",
    "Scores": {
        "S_1002_S1_RAN.csv": 0.0951737248635585,
        "S_1003_S1_RAN.csv": 0.09360440062885307,
        "S_1003_S2_RAN.csv": 0.09715927452146128,
        "S_1004_S1_RAN.csv": 0.09017402819234896,
        "S_1004_S2_RAN.csv": 0.09411592807826868,
        "S_1005_S1_RAN.csv": 0.09275285745295775,
        "S_1005_S2_RAN.csv": 0.09692714213710996,
        "S_1007_S1_RAN.csv": 0.0918289697495184,
        "S_1007_S2_RAN.csv": 0.09423549937067732,
        "S_1008_S1_RAN.csv": 0.10558259980591583,
        "S_1008_S2_RAN.csv": 0.10188231373133033,
        "S_1009_S1_RAN.csv": 0.09682312201841652,
        "S_1009_S2_RAN.csv": 0.09564357412933797,
        "S_1010_S1_RAN.csv": 0.09385304413421193,
        "S_1010_S2_RAN.csv": 0.09413474302983484,
        "S_1011_S1_RAN.csv": 0.09480732904674284,
        "S_1011_S2_RAN.csv": 0.09390391227798724,
        "S_9016_S1_RAN.csv": 0.09286518054644657
    },
    "Mean_score": 0.09530375798416545,
    "Attack_type": "GWN",
    "Attack_strength": 0.1,
    "WM_strength": 3.0
}