{
    "Directory 1": "ProcessedDatasets/CLEAN/RandomSaccades//",
    "Directory 2": "ProcessedDataSets/WM/RandomSaccades/",
    "Analysis": "SACC",
    "Scores": {
        "S_1002_S1_RAN.csv": 0.9868625512077976,
        "S_1003_S1_RAN.csv": 0.9916580962175752,
        "S_1003_S2_RAN.csv": 0.9902139280837506,
        "S_1004_S1_RAN.csv": 0.9922600619195047,
        "S_1004_S2_RAN.csv": 0.990847711927982,
        "S_1005_S1_RAN.csv": 0.9918307498952661,
        "S_1005_S2_RAN.csv": 0.9949166327775518,
        "S_1007_S1_RAN.csv": 0.9950000000000001,
        "S_1007_S2_RAN.csv": 0.9930750771340418,
        "S_1008_S1_RAN.csv": 0.9876499333629497,
        "S_1008_S2_RAN.csv": 0.989913660937626,
        "S_1009_S1_RAN.csv": 0.9932182234241731,
        "S_1009_S2_RAN.csv": 0.9900609705169965,
        "S_1010_S1_RAN.csv": 0.9901117246693206,
        "S_1010_S2_RAN.csv": 0.9904407519086419,
        "S_1011_S1_RAN.csv": 0.9923340177960301,
        "S_1011_S2_RAN.csv": 0.9924698795180722,
        "S_9016_S1_RAN.csv": 0.9852964179571406
    },
    "Mean_score": 0.9910089105141344,
    "Degrees": {
        "S_1002_S1_RAN.csv": 0.00231476840591193,
        "S_1003_S1_RAN.csv": 0.0023298175045434275,
        "S_1003_S2_RAN.csv": 0.0023044980319423727,
        "S_1004_S1_RAN.csv": 0.0023311115864115806,
        "S_1004_S2_RAN.csv": 0.002350921666202712,
        "S_1005_S1_RAN.csv": 0.0023068669514715655,
        "S_1005_S2_RAN.csv": 0.002315930464788829,
        "S_1007_S1_RAN.csv": 0.002324806302800352,
        "S_1007_S2_RAN.csv": 0.00231964023895877,
        "S_1008_S1_RAN.csv": 0.0024725694141148028,
        "S_1008_S2_RAN.csv": 0.0024608980054566425,
        "S_1009_S1_RAN.csv": 0.0023632498618802833,
        "S_1009_S2_RAN.csv": 0.002353285108932925,
        "S_1010_S1_RAN.csv": 0.0023015123799224823,
        "S_1010_S2_RAN.csv": 0.002303618273052627,
        "S_1011_S1_RAN.csv": 0.0023171930249349377,
        "S_1011_S2_RAN.csv": 0.002313083591208463,
        "S_9016_S1_RAN.csv": 0.0023378345535177655
    }
}