{
    "Directory 1": "ProcessedDatasets/CLEAN/RandomSaccades//",
    "Directory 2": "ProcessedDatasets/WM_ATTACKED/RandomSaccades/GWN/",
    "Analysis": "SACC",
    "Scores": {
        "S_1002_S1_RAN.csv": 0.13515214697377997,
        "S_1003_S1_RAN.csv": 0.1647689864838697,
        "S_1003_S2_RAN.csv": 0.16396568160152528,
        "S_1004_S1_RAN.csv": 0.12642684887459804,
        "S_1004_S2_RAN.csv": 0.13246875447460468,
        "S_1005_S1_RAN.csv": 0.17937952171866145,
        "S_1005_S2_RAN.csv": 0.18755532823166055,
        "S_1007_S1_RAN.csv": 0.14144806725409464,
        "S_1007_S2_RAN.csv": 0.14245019980472487,
        "S_1008_S1_RAN.csv": 0.12172764786795047,
        "S_1008_S2_RAN.csv": 0.13219499961837472,
        "S_1009_S1_RAN.csv": 0.23013513379140277,
        "S_1009_S2_RAN.csv": 0.2276392125749988,
        "S_1010_S1_RAN.csv": 0.14667611127822466,
        "S_1010_S2_RAN.csv": 0.14763285400167347,
        "S_1011_S1_RAN.csv": 0.1471061774425896,
        "S_1011_S2_RAN.csv": 0.12763361182456037,
        "S_9016_S1_RAN.csv": 0.12418726902630384
    },
    "Mean_score": 0.15436380849131098,
    "Degrees": {
        "S_1002_S1_RAN.csv": 0.12564541942523064,
        "S_1003_S1_RAN.csv": 0.12584187169772856,
        "S_1003_S2_RAN.csv": 0.1252714132335025,
        "S_1004_S1_RAN.csv": 0.1254743487837945,
        "S_1004_S2_RAN.csv": 0.12565485813208777,
        "S_1005_S1_RAN.csv": 0.12587330018930334,
        "S_1005_S2_RAN.csv": 0.1256583102048171,
        "S_1007_S1_RAN.csv": 0.12542257895600645,
        "S_1007_S2_RAN.csv": 0.12585904328233424,
        "S_1008_S1_RAN.csv": 0.12567249163285413,
        "S_1008_S2_RAN.csv": 0.12561417564657396,
        "S_1009_S1_RAN.csv": 0.1255574998087121,
        "S_1009_S2_RAN.csv": 0.12579995806220964,
        "S_1010_S1_RAN.csv": 0.1257013539898125,
        "S_1010_S2_RAN.csv": 0.12558963463817796,
        "S_1011_S1_RAN.csv": 0.12548288932767118,
        "S_1011_S2_RAN.csv": 0.12616412802786717,
        "S_9016_S1_RAN.csv": 0.12556322854379265
    },
    "Mean_degrees": 0.12565813908791534,
    "RMS": {
        "S_1002_S1_RAN.csv": 0.002519999497493041,
        "S_1003_S1_RAN.csv": 0.002332877589351223,
        "S_1003_S2_RAN.csv": 0.002520136211136709,
        "S_1004_S1_RAN.csv": 0.0023978040607760217,
        "S_1004_S2_RAN.csv": 0.003396208136617554,
        "S_1005_S1_RAN.csv": 0.0024828576047208734,
        "S_1005_S2_RAN.csv": 0.0040941272486536145,
        "S_1007_S1_RAN.csv": 0.004091524472596404,
        "S_1007_S2_RAN.csv": 0.004702718534144321,
        "S_1008_S1_RAN.csv": 0.004488663782683401,
        "S_1008_S2_RAN.csv": 0.0033835562102240446,
        "S_1009_S1_RAN.csv": 0.004816489396835321,
        "S_1009_S2_RAN.csv": 0.005752248647265332,
        "S_1010_S1_RAN.csv": 0.002724802866971463,
        "S_1010_S2_RAN.csv": 0.002593683643572958,
        "S_1011_S1_RAN.csv": 0.009087548418050711,
        "S_1011_S2_RAN.csv": 0.0025257834659206013,
        "S_9016_S1_RAN.csv": 0.003909378729830509
    },
    "Mean_RMS": 0.003767800473158006,
    "WM_strength": 3.0
}