{
    "Dataset": "Reading",
    "Analysis": "SACC",
    "Scores": {
        "S_1009_S1_TEX.csv": 0.9857419712070874,
        "S_1010_S1_TEX.csv": 0.9852403520649967,
        "S_1009_S2_TEX.csv": 0.9858678584370093,
        "S_1004_S2_TEX.csv": 0.9880606647305583,
        "S_1010_S2_TEX.csv": 0.9853607980308329,
        "S_1011_S1_TEX.csv": 0.985583446404342,
        "S_1005_S1_TEX.csv": 0.990050134978789,
        "S_1007_S2_TEX.csv": 0.9874461307850851,
        "S_1008_S1_TEX.csv": 0.985362095531587,
        "S_1011_S2_TEX.csv": 0.9883212980297761,
        "S_1007_S1_TEX.csv": 0.9875843190927754,
        "S_1008_S2_TEX.csv": 0.9874050379848062,
        "S_1005_S2_TEX.csv": 0.987069287689663
    },
    "Mean_score": 0.9868533380744082
}