{
    "Directory 1": "ProcessedDatasets/CLEAN/RandomSaccades//",
    "Directory 2": "ProcessedDatasets/WM/RandomSaccades/",
    "Analysis": "SACC",
    "Scores": {
        "S_1002_S1_RAN.csv": 0.9282814614343708,
        "S_1003_S1_RAN.csv": 0.9657669891925535,
        "S_1003_S2_RAN.csv": 0.9633637695862924,
        "S_1004_S1_RAN.csv": 0.969841514079089,
        "S_1004_S2_RAN.csv": 0.9640789668992132,
        "S_1005_S1_RAN.csv": 0.9539795918367346,
        "S_1005_S2_RAN.csv": 0.975767366720517,
        "S_1007_S1_RAN.csv": 0.9680515562868504,
        "S_1007_S2_RAN.csv": 0.9667276546723589,
        "S_1008_S1_RAN.csv": 0.9433766233766232,
        "S_1008_S2_RAN.csv": 0.9431406520711924,
        "S_1009_S1_RAN.csv": 0.9754441177688516,
        "S_1009_S2_RAN.csv": 0.9604833036785699,
        "S_1010_S1_RAN.csv": 0.9511658600967885,
        "S_1010_S2_RAN.csv": 0.9545999873713455,
        "S_1011_S1_RAN.csv": 0.9706301295530082,
        "S_1011_S2_RAN.csv": 0.9654762788625734,
        "S_9016_S1_RAN.csv": 0.9374287234851364
    },
    "Mean_score": 0.9587558081651151,
    "Degrees": {
        "S_1002_S1_RAN.csv": 0.008395171367599394,
        "S_1003_S1_RAN.csv": 0.00840238688166015,
        "S_1003_S2_RAN.csv": 0.008376888191632135,
        "S_1004_S1_RAN.csv": 0.008472424766154943,
        "S_1004_S2_RAN.csv": 0.00855185570885869,
        "S_1005_S1_RAN.csv": 0.008387687008506051,
        "S_1005_S2_RAN.csv": 0.008429053015922035,
        "S_1007_S1_RAN.csv": 0.008406081406492271,
        "S_1007_S2_RAN.csv": 0.008413842946401656,
        "S_1008_S1_RAN.csv": 0.008927331352474708,
        "S_1008_S2_RAN.csv": 0.008907007703392193,
        "S_1009_S1_RAN.csv": 0.008579554539198203,
        "S_1009_S2_RAN.csv": 0.008555387443074875,
        "S_1010_S1_RAN.csv": 0.008352678902149475,
        "S_1010_S2_RAN.csv": 0.008378619026111905,
        "S_1011_S1_RAN.csv": 0.008377300835009163,
        "S_1011_S2_RAN.csv": 0.008380481621871704,
        "S_9016_S1_RAN.csv": 0.008469645993611488
    },
    "Mean_degrees": 0.008486855483895614,
    "RMS": {
        "S_1002_S1_RAN.csv": 0.021701814317299235,
        "S_1003_S1_RAN.csv": 0.026637377980896788,
        "S_1003_S2_RAN.csv": 0.01827135102471353,
        "S_1004_S1_RAN.csv": 0.05308159265169561,
        "S_1004_S2_RAN.csv": 0.04543050863189116,
        "S_1005_S1_RAN.csv": 0.0212996339339852,
        "S_1005_S2_RAN.csv": 0.022258871325169235,
        "S_1007_S1_RAN.csv": 0.023006344484382855,
        "S_1007_S2_RAN.csv": 0.04028590248388883,
        "S_1008_S1_RAN.csv": 0.05045154968860112,
        "S_1008_S2_RAN.csv": 0.0676396554009447,
        "S_1009_S1_RAN.csv": 0.0773402235527426,
        "S_1009_S2_RAN.csv": 0.06381999962072873,
        "S_1010_S1_RAN.csv": 0.02044846379151394,
        "S_1010_S2_RAN.csv": 0.022876934592433028,
        "S_1011_S1_RAN.csv": 0.034065193032469236,
        "S_1011_S2_RAN.csv": 0.022492607474022965,
        "S_9016_S1_RAN.csv": 0.040299490811827224
    },
    "Mean_RMS": 0.03730041748884478,
    "WM_Strength": 3.0
}