{
    "Directory 1": "ProcessedDatasets/CLEAN/RandomSaccades//",
    "Directory 2": "ProcessedDatasets/WM_ATTACKED/RandomSaccades/GWN/",
    "Analysis": "SACC",
    "Scores": {
        "S_1007_S2_RAN.csv": 0.9299605781865965,
        "S_1008_S1_RAN.csv": 0.8016908929101157,
        "S_1005_S1_RAN.csv": 0.8765449637732632,
        "S_1011_S1_RAN.csv": 0.9440181490625209,
        "S_1005_S2_RAN.csv": 0.9500641468469357,
        "S_1007_S1_RAN.csv": 0.9270159693810215,
        "S_1008_S2_RAN.csv": 0.7905248490478403,
        "S_1002_S1_RAN.csv": 0.8198720270433418,
        "S_1011_S2_RAN.csv": 0.8934494195688225,
        "S_1010_S1_RAN.csv": 0.871448532836516,
        "S_1003_S2_RAN.csv": 0.9259380811727382,
        "S_1009_S1_RAN.csv": 0.9577695776957769,
        "S_1004_S1_RAN.csv": 0.9274653626731866,
        "S_1010_S2_RAN.csv": 0.8753585855629061,
        "S_1003_S1_RAN.csv": 0.9317843968507404,
        "S_1004_S2_RAN.csv": 0.9117501589768953,
        "S_9016_S1_RAN.csv": 0.7890873660279312,
        "S_1009_S2_RAN.csv": 0.9380285142366926
    },
    "Mean_score": 0.8923206428807688,
    "Degrees": {}
}