{
    "Directory 1": "ProcessedDatasets/CLEAN/RandomSaccades//",
    "Directory 2": "ProcessedDatasets/WM_ATTACKED/RandomSaccades/GWN/",
    "Analysis": "SACC",
    "Scores": {
        "S_1007_S2_RAN.csv": 0.9299605781865965,
        "S_1008_S1_RAN.csv": 0.8016908929101157,
        "S_1005_S1_RAN.csv": 0.8765449637732632,
        "S_1011_S1_RAN.csv": 0.9440181490625209,
        "S_1005_S2_RAN.csv": 0.9500641468469357,
        "S_1007_S1_RAN.csv": 0.9270159693810215,
        "S_1008_S2_RAN.csv": 0.7905248490478403,
        "S_1002_S1_RAN.csv": 0.8198720270433418,
        "S_1011_S2_RAN.csv": 0.8934494195688225,
        "S_1010_S1_RAN.csv": 0.871448532836516,
        "S_1003_S2_RAN.csv": 0.9259380811727382,
        "S_1009_S1_RAN.csv": 0.9577695776957769,
        "S_1004_S1_RAN.csv": 0.9274653626731866,
        "S_1010_S2_RAN.csv": 0.8753585855629061,
        "S_1003_S1_RAN.csv": 0.9317843968507404,
        "S_1004_S2_RAN.csv": 0.9117501589768953,
        "S_9016_S1_RAN.csv": 0.7890873660279312,
        "S_1009_S2_RAN.csv": 0.9380285142366926
    },
    "Mean_score": 0.8923206428807688,
    "Degrees": {},
    "Analysis": "SACC",
    "Scores": {
        "S_1002_S1_RAN.csv": 0.13515214697377997,
        "S_1003_S1_RAN.csv": 0.1647689864838697,
        "S_1003_S2_RAN.csv": 0.16396568160152528,
        "S_1004_S1_RAN.csv": 0.12642684887459804,
        "S_1004_S2_RAN.csv": 0.13246875447460468,
        "S_1005_S1_RAN.csv": 0.17937952171866145,
        "S_1005_S2_RAN.csv": 0.18755532823166055,
        "S_1007_S1_RAN.csv": 0.14144806725409464,
        "S_1007_S2_RAN.csv": 0.14245019980472487,
        "S_1008_S1_RAN.csv": 0.12172764786795047,
        "S_1008_S2_RAN.csv": 0.13219499961837472,
        "S_1009_S1_RAN.csv": 0.23013513379140277,
        "S_1009_S2_RAN.csv": 0.2276392125749988,
        "S_1010_S1_RAN.csv": 0.14667611127822466,
        "S_1010_S2_RAN.csv": 0.14763285400167347,
        "S_1011_S1_RAN.csv": 0.1471061774425896,
        "S_1011_S2_RAN.csv": 0.12763361182456037,
        "S_9016_S1_RAN.csv": 0.12418726902630384
    },
    "Mean_degrees": 0.12565813908791534,
    "RMS": {
        "S_1002_S1_RAN.csv": 0.002519999497493041,
        "S_1003_S1_RAN.csv": 0.002332877589351223,
        "S_1003_S2_RAN.csv": 0.002520136211136709,
        "S_1004_S1_RAN.csv": 0.0023978040607760217,
        "S_1004_S2_RAN.csv": 0.003396208136617554,
        "S_1005_S1_RAN.csv": 0.0024828576047208734,
        "S_1005_S2_RAN.csv": 0.0040941272486536145,
        "S_1007_S1_RAN.csv": 0.004091524472596404,
        "S_1007_S2_RAN.csv": 0.004702718534144321,
        "S_1008_S1_RAN.csv": 0.004488663782683401,
        "S_1008_S2_RAN.csv": 0.0033835562102240446,
        "S_1009_S1_RAN.csv": 0.004816489396835321,
        "S_1009_S2_RAN.csv": 0.005752248647265332,
        "S_1010_S1_RAN.csv": 0.002724802866971463,
        "S_1010_S2_RAN.csv": 0.002593683643572958,
        "S_1011_S1_RAN.csv": 0.009087548418050711,
        "S_1011_S2_RAN.csv": 0.0025257834659206013,
        "S_9016_S1_RAN.csv": 0.003909378729830509
    },
    "Mean_RMS": 0.003767800473158006,
    "WM_strength": 3.0
}