{
    "Directory 1": "ProcessedDatasets/CLEAN/RandomSaccades//",
    "Directory 2": "../Datasets/RandomSaccades/",
    "Analysis": "SACC",
    "Scores": {
        "S_1007_S2_RAN.csv": 0.8719450101832994,
        "S_1008_S1_RAN.csv": 0.8549735540010237,
        "S_1005_S1_RAN.csv": 0.8924503993816026,
        "S_1011_S1_RAN.csv": 0.8477703741670938,
        "S_1005_S2_RAN.csv": 0.9025012260912212,
        "S_1007_S1_RAN.csv": 0.8892299820926068,
        "S_1008_S2_RAN.csv": 0.8525360050093926,
        "S_1002_S1_RAN.csv": 0.8604118993135013,
        "S_1011_S2_RAN.csv": 0.9010439641229231,
        "S_1010_S1_RAN.csv": 0.842728860064854,
        "S_1003_S2_RAN.csv": 0.8750071245369051,
        "S_1009_S1_RAN.csv": 0.8598237597911228,
        "S_1004_S1_RAN.csv": 0.9013479484520812,
        "S_1010_S2_RAN.csv": 0.8406864274570982,
        "S_1003_S1_RAN.csv": 0.8763067186528789,
        "S_1004_S2_RAN.csv": 0.8931630134997823,
        "S_9016_S1_RAN.csv": 0.8267693218833283,
        "S_1009_S2_RAN.csv": 0.8417974381152435
    },
    "Mean_score": 0.8683607237119976
}