S,SA,VD,RMS
1.0,0.9909174610005276
2.0,0.9762569169529343
3.0,0.9587558081651151
