{
    "Analysis": "NCC",
    "Scores": {
        "S_1009_S1_TEX.csv": 0.9729803460134321,
        "S_1010_S1_TEX.csv": 0.9724531445439212,
        "S_1009_S2_TEX.csv": 0.9709439532350171,
        "S_1004_S2_TEX.csv": 0.9759922266587163,
        "S_1010_S2_TEX.csv": 0.9735476516033754,
        "S_1011_S1_TEX.csv": 0.97162740996687,
        "S_1005_S1_TEX.csv": 0.9716552210477042,
        "S_1007_S2_TEX.csv": 0.9707757853850664,
        "S_1008_S1_TEX.csv": 0.9858598428354216,
        "S_1011_S2_TEX.csv": 0.9713119636812984,
        "S_1007_S1_TEX.csv": 0.9708821378965037,
        "S_1008_S2_TEX.csv": 0.9829391328567079,
        "S_1005_S2_TEX.csv": 0.9731410214002721
    },
    "Mean_score": 0.9741622951634084,
    "Attack_type": "AGWN",
    "Attack_strength": 0.001,
    "WM_strength": 1
}